大分類,POIコード,POI,解説
地形,0101,山,山、岳、峰、山脈、山地、高地、高山域・亜高山域　等。
地形,0102,カール,カール、U字谷（氷食谷）　等。
地形,0103,崖,断崖・岩壁、岩海、岩峰・岩柱、崖錐　等
地形,0104,火山,火山、地獄、泥火山　等。
地形,0105,カルデラ,カルデラ
地形,0106,噴火口・噴気孔,噴火口・噴気孔、火口、噴泉、間歇泉　等。
地形,0107,尖峰,尖峰　等。
地形,0108,高原,高原、原　等。
地形,0109,丘陵,丘陵　等。
地形,0110,湖沼,湖、沼、池、浦　等。人造湖含む。
地形,0111,河川,河川、用水、甌穴群　等。かれ川を含む。
地形,0112,渓谷,峡谷・渓谷、沢、瀬、淵、瀞、谷、峡　等。
地形,0113,滝,滝。流水が急激に落下する場所。
地形,0114,海岸,海、灘、淵、浦、瀬、瀬戸、海成段丘、波食台（ベンチ）　等。
地形,0115,半島,半島
地形,0116,湾,湾
地形,0117,海峡,海峡
地形,0118,岬,岬
地形,0119,海食洞,海食洞。
地形,0120,岩門,天然橋・岩門・石門　等
地形,0121,潮吹穴,湖吹穴
地形,0122,潮流,潮流、渦流
地形,0123,海中,自然公園法で海中公園に指定されている地区や海中景観の優れた 地区等。
地形,0124,島,群島、列島、島の総称等
地形,0125,岩,岩、露岩、散岩、はえ、岩礁等
地形,0126,サンゴ礁,さんご礁、隆起サンゴ礁
地形,0127,洞窟,洞窟、洞口、風穴　等
地形,0128,湿原,湿原、湿地　等。
地形,0129,砂丘,砂丘
地形,0130,砂浜,砂浜、礫浜、砂嘴、砂州　等。
地形,0131,泉,泉、湧泉群　等
地形,0132,間欠泉,間欠泉
地形,0133,万年雪,万年雪
地形,0134,氷河,氷河
地形,0135,干潟,干潟界
地形,0136,カルスト,カルスト地形、ポリエ　等。
地形,0137,鍾乳洞,鍾乳洞
地形,0198,陸景その他,陸景で上記以外の際立った地形
地形,0199,水景その他,水景で上記以外の際立った地形
自然関連,0201,ジオパーク,ジオパーク
自然関連,0202,花等の名所,花の名所。草の群生地を含む。
自然関連,0203,展望台,展望台
自然関連,0204,展望地,展望地
自然関連,0205,ビジターセンター,ビジターセンター
自然関連,0206,ダム,ダム
自然関連,0207,せき,せき
自然関連,0208,水門,水門
自然関連,0209,運河,運河、その他の水路
自然関連,0210,溜池等,調整池、ため池、溜池　等
自然関連,0211,海の駅,海の駅
自然関連,0299,その他自然関連,
土地利用,0301,田,水稲、蓮、い草、わさび、セリ等の耕作地。 
土地利用,0302,畑,陸稲、野菜、芝、牧草、桑、庭木等の耕作地。
土地利用,0303,茶畑,茶の耕作地。
土地利用,0304,果樹園,りんご、みかん、梨、桃、栗、ぶどう等の果樹の耕作地。 
土地利用,0305,さとうきび畑,さとうきびを栽培している土地      
土地利用,0306,パイナップル畑,パイナップルを栽培している土地      
土地利用,0307,わさび畑,わさび畑
土地利用,0308,桑畑,桑を栽培している土地      
土地利用,0309,ブドウ園,ブドウを栽培している土地      
土地利用,0310,その他の樹木畑,桐、はぜ、こうぞ、庭木等を栽培している土地、および苗木畑
土地利用,0311,市民菜園,市民菜園
土地利用,0312,森,林も含む。
土地利用,0313,広葉樹林,ケヤキ、サクラ、ブナ等の広葉樹が密生している土地。
土地利用,0314,針葉樹林,マツ、スギ、ヒノキ等の針葉樹が密生している土地。 
土地利用,0315,独立樹 （広葉樹）,幅の広い葉をつける単独の大きな樹木、または数株の大きな樹木が集合するもの
土地利用,0316,独立樹 （針葉樹）,裸子植物で葉が針状または鱗片状の単独の大きな樹 木または数株の大きな樹木が集合するもの
土地利用,0317,竹林,竹林
土地利用,0318,ヤシ科樹林,ヤシ科植物が密生している土地
土地利用,0319,はい松地,ハイマツなどの樹高が低い松が密生している土地
土地利用,0320,笹地,笹又は篠竹が密生している土地。
土地利用,0321,荒地,裸地及び雑草地。
土地利用,0322,塩田,塩田
土地利用,0323,芝地,芝を植えて管理している庭園、ゴルフ場及び運動場などの土地      
土地利用,0324,牧場,牧場
土地利用,0325,牧草地,牧草地
土地利用,0326,石切場・採石場,石切場・採石場
土地利用,0327,花壇,花壇
土地利用,0328,空地,空地
土地利用,0399,その他土地,
建物,0401,住宅,住宅
建物,0402,農家,農家
建物,0403,集合住宅,集合住宅
建物,0404,寮,寮
建物,0405,オフィスビル,オフィスビル
建物,0406,コワーキングスペース,コワーキングスペース
建物,0407,工場,工場
建物,0408,造船所,船舶の製造・修理設備として造船台、ドック若しくは引揚船台を有し、船舶を製造又は修理する事業所
建物,0409,製鉄所,高炉により銑鉄を製造する事業所
建物,0410,石油化学コンビナート,石油化学コンビナート
建物,0411,家畜小屋,家畜小屋
建物,0499,その他建物,
目標物,0501,風車,羽に風を受けて動力源とすることを目的に構築された構造物。 
目標物,0502,水車,羽に水を受けて動力源することを目的に構築された構造物。 
目標物,0503,煙突,屋内で排出されるガスを屋外に導くための長い筒状の突起物。
目標物,0504,油田・ガス田,油、ガス等を採掘するための井戸。 
目標物,0505,高塔,特に高くそびえている工作物。送電線の鉄塔、境界の鐘楼、展望台、独立した給水塔は除く。
目標物,0506,坑口,人工の鉱坑及び自然に形成された穴の入口。
目標物,0507,巨大構造物,巨大な大仏、観覧車等といった構造物。
目標物,0508,給水塔,給水塔
目標物,0509,サイロ,サイロ
目標物,0510,タンク,水、油、ガス及び飼料等を貯蔵するため地上に設置された構造物。石油・ガス備蓄基地を含む。
目標物,0511,クレーン,重量物を動力でつり上げ、上下・左右・前後に移動させる機械で、常設された規模の大きいもの
目標物,0512,電波塔,テレビ、ラジオ、無線電信等の送受信を目的に構築された塔 
目標物,0513,公衆電気通信施設,公衆電気通信施設
目標物,0514,火の見,火の見
目標物,0599,その他目標物,
歴史文化,0601,遺跡,遺跡
歴史文化,0602,古墳,古墳
歴史文化,0603,史跡,史跡
歴史文化,0604,天然記念物,文化財保護法に基づく史跡名勝天然記念物。 
歴史文化,0605,名勝,名勝
歴史文化,0606,文化的景観,文化的景観
歴史文化,0607,城,天守あるいはやぐらを有する城。（復元されたものも含む。）
歴史文化,0608,城跡,城があった場所。
歴史文化,0609,古戦場,古戦場
歴史文化,0610,歴史的建造物,歴史的建造物、デザインの優れた建造物（橋や駅、ビル、タワー、ダ ム等）。歴史的文化価値のある建造物そのものが観光利用の対象と なっているもの。
歴史文化,0611,庭園,庭園
歴史文化,0612,記念碑,ある物事を記念し、後世に伝えるために建てたもの
歴史文化,0613,石碑,石碑
歴史文化,0614,門,石、コンクリート、れんが等でできた堅牢な門柱。
歴史文化,0615,屋門,神社、仏閣等における規模の大きな屋門。
歴史文化,0616,鳥居,神社の参道入口に立てて神域を示す一種の門 。
歴史文化,0617,立像,立っている姿の像
歴史文化,0618,路傍祠,路傍にある地蔵または道祖神特に著名なもの、または好目標となるもの。
歴史文化,0619,灯ろう,灯火をともす器具。
歴史文化,0620,蔵,蔵
歴史文化,0621,歴史的街並み,歴史的まち並み、旧街道
歴史文化,0622,古民家,古民家
歴史文化,0623,武家屋敷,武家屋敷
歴史文化,0624,町屋/町家,町屋/町家
歴史文化,0699,その他歴史文化,
宗教施設,0701,神社,通常の神社（神道協会、神道教団その他これに類する場合を除 く）。
宗教施設,0702,寺院,通常の寺院。 
宗教施設,0703,教会,教会
宗教施設,0704,モスク,モスク
宗教施設,0799,その他宗教施設,
文化・教養,0801,博物館,博物館等の定めにないものも含む。 
文化・教養,0802,美術館,ギャラリー、絵画館を含む。
文化・教養,0803,記念・資料館,記念・資料館
文化・教養,0804,動物園,サファリパーク、鳥類園を含む。
文化・教養,0805,植物園,植物園
文化・教養,0806,野鳥観察所,野鳥観察所
文化・教養,0807,水族館,水族館
文化・教養,0808,その他生き物施設,その他生き物施設。昆虫園　等。
文化・教養,0809,産業観光施設,産業観光（歴史的・文化的価値のある工場等やその遺構、機械器具、最先端の技術を備えた工場等を対象とした観光で、学びや体験 を伴うもの。） 
文化・教養,0899,その他の主要・著名な建物,
温泉等,0901,温泉,温泉法に基づくもの。 「○○温泉」と同じ名のつくエリアの宿泊及び日帰りの温泉施設全体 を一つの地点として取り扱う。なお湯畑等の観光施設を別地点としても差し支えかまわない
温泉等,0902,鉱泉,温泉法に基づく鉱泉   
温泉等,0903,銭湯,温泉法に基づかない温泉類似施設、スーパー銭湯、銭湯　等
温泉等,0904,足湯,足湯
温泉等,0999,その他入浴施設,
レクリエーション,1001,観光案内所,観光案内所、ツーリストインフォメーション
レクリエーション,1002,自然公園,自然公園地域とは、優れた自然の風景地で、その保護および利用の増進を図る必要がある地域であり、自然公園法第2条第1項自然公園（国立公園、国定公園及び都道府県立自然公園）として指定されることが相当な地域。
レクリエーション,1003,都市公園,街区公園、近隣公園、地区公園（カントリーパーク）、総合公園、運動公園、広域公園、レクリエーション都市、国営公園、特殊公園（風致公園、動植物公園、歴史公園、墓園）、緩衝緑地、都市緑地、緑道、都市林、広場公園
レクリエーション,1004,庭園,庭園
レクリエーション,1005,緑地,緑地
レクリエーション,1006,広場,広場
レクリエーション,1007,噴水,噴水
レクリエーション,1008,遊園地,各種遊戯施設により娯楽を提供する施設。
レクリエーション,1009,テーマパーク,文化、歴史、科学等に関する特定のテーマに基づき施設全体の環境 づくりを行い、各種遊戯施設により娯楽を提供する施設。 特定のテーマのもとに施設全体の環境づくりを行い、 テーマに関連するアトラクションを有し、パレードやイベント等のソフトを組み込んで、空間全体を演出して娯楽を提供する施設。
レクリエーション,1010,体験施設,
レクリエーション,1011,映画館,映画館
レクリエーション,1012,劇場,劇場
レクリエーション,1013,演劇場,演劇場
レクリエーション,1014,寄席,寄席
レクリエーション,1015,演舞場,演舞場
レクリエーション,1016,ホール,ホール
レクリエーション,1017,展示場,展示場
レクリエーション,1018,遊技場,ビリヤード場、囲碁・将棋所、マージャンクラブ、パチンコホール、ゲームセンター、その他の遊技場
レクリエーション,1019,競馬等の競走場,競輪場、競馬場、自動車・モーターボートの競走場
レクリエーション,1020,カジノ,カジノ
レクリエーション,1021,カラオケボックス,カラオケボックス
レクリエーション,1022,プラネタリウム,プラネタリウム
レクリエーション,1023,釣り場,釣り場
レクリエーション,1024,遊漁船,遊漁船；釣船；瀬渡船；船宿（釣船）。主として船舶により乗客を漁場に案内し、釣りなどの方法により魚類その他の水産動植物を採捕させる施設をいう。
レクリエーション,1099,その他レクリエーション,
スポーツ,1101,スタジアム,スタジアム
スポーツ,1102,陸上競技場,陸上競技を行うためにつくられた施設で、１周 200m 以上のトラックを有するもの。（トラック内にサッカー、ラグビー等を行う施設がある場合でも、陸上競技場として取り扱う。 ） 
スポーツ,1103,野球場,固定したバックネットを有し、主として野球・ソフトボール 専用のもの。 
スポーツ,1104,球技場,サッカー、ラグビー、ハンドボール、ホッケー、その他これ に類する球技専用のもの。 
スポーツ,1105,バッティング・テニス練習場,バッティング・テニス練習場
スポーツ,1106,多目的運動場,必要に応じて各種スポーツが行えるもの。（学校の運動場を含む） 
スポーツ,1107,プール,主に水泳競技、練習、健康増進のための水泳等のためのプール
スポーツ,1108,レジャープール,流水プール、造波プールなどで、レジャープールとして使用されるもの。 
スポーツ,1109,目的別プール,水球、シンクロナイズドスイミング、ダイビングプール等。
スポーツ,1110,体育館,必要に応じて各種スポーツが行える屋内施設。 
スポーツ,1111,柔道場,柔道専用のもの。 
スポーツ,1112,剣道場,剣道専用のもの。 
スポーツ,1113,武道場,主として柔道・剣道に使用されるもの。
スポーツ,1114,空手・合気道場,主として空手・合気道専用のもの。 
スポーツ,1115,バレーボールコート,規定のコートを有し、もっぱらバレーボールに 使用されるもの。 （運動施設の一部に区画をつくり、バレーボール専用に使用しているものも含む。） 
スポーツ,1116,テニスコート,規定のコートを有し、もっぱらテニスに使用されるもの。（運動施設の一部に区画をつくり、テニス専用に使用しているものも含む。） 
スポーツ,1117,バスケットボールコート,規定のコートを有し、もっぱらバスケットボー ルに使用されるもの。（運動施設の一部に区画をつくり、バス ケットボール専用に使用しているものも含む。）
スポーツ,1118,相撲場,規定の大きさの土俵を有するもの。 
スポーツ,1119,卓球場,主として卓球に使用される
スポーツ,1120,弓道場,弓道の試合（近的）が行えるもの。 
スポーツ,1121,アーチェリー場,フィールドアーチェリー場。 
スポーツ,1122,馬場,馬場
スポーツ,1123,スケートリンク,スケートリンク
スポーツ,1124,ローラースケートリンク,ローラースケートリンク
スポーツ,1125,林間学校施設,県・市区町村・団体等が登山・林間学校等のために指定しているもの。 
スポーツ,1126,山小屋,山小屋
スポーツ,1127,避難小屋,避難小屋
スポーツ,1128,登山道,登山道及び入り口
スポーツ,1129,ボルダリング場,ボルダリング場
スポーツ,1130,ロッククライミングスポット,ロッククライミングスポット
スポーツ,1131,オフロード・モトクロス場　,オフロード・モトクロス場　
スポーツ,1132,マウンテンバイクコース,マウンテンバイクコース
スポーツ,1133,トレーニング場,ウェイトトレーニングやサーキットトレーニング等のための設備を有し、もっぱらトレーニングに使用 されるもの。（学校の運動場の一部に独立した区分を設けて、常設されているトレーニングコースも含む） 
スポーツ,1134,フィットネスクラブ,フィットネスクラブ
スポーツ,1135,レスリング場,固定したマットを有し、もっぱらレスリングに使用されるもの。 
スポーツ,1136,ボクシング場,固定したリングを有し、ボクシングに使用されるもの。 
スポーツ,1137,ダンススタジオ,主としてダンスに使用されるもの。（エアロビクス等のスタジオ を含む） 
スポーツ,1138,射撃場,ライフル、拳銃競技が行われるもの。または、クレー放出機器 を備え、競技が行えるもの。（光線銃を含む） 
スポーツ,1139,ゴルフ場,ゴルフ場
スポーツ,1140,ゴルフ練習場,ゴルフ練習場
スポーツ,1141,ボウリング場,ボウリング場
スポーツ,1142,漕艇場,漕艇場
スポーツ,1143,ゲートボール クロッケー場,ゲートボール クロッケー場
スポーツ,1144,スカッシュ・ ラケットボール場,スカッシュやラケットボールに使用されるもの。 
スポーツ,1145,ヨットハーバー、マリーナ,艇庫をもち競技が行えるもの。 
スポーツ,1146,水上スキー・ウェークボード場,水上スキー・ウェークボードのために指定された海岸・海面
スポーツ,1147,サーフィンスポット,サーフィンの名所の海岸
スポーツ,1148,スキー・ スノーボード場,スキー・ スノーボード場
スポーツ,1149,スキージャンプ台,スキージャンプ台
スポーツ,1150,ボブスレー・リュージュコース,ボブスレー・リュージュコース
スポーツ,1151,ノルディックウォーキングコース,ノルディックウォーキングコース
スポーツ,1152,キャンプ場,キャンプ場
スポーツ,1153,サイクリングコース,サイクリングコース
スポーツ,1154,オリエンテーリングコース,オリエンテーリングコース
スポーツ,1155,ランニングコース,ランニングコースとして指定しているもの。（学校のランニングコースも含む） 
スポーツ,1156,フィールドアスレチック,フィールドアスレチィックなど冒険遊具を組み合わせてコース としているもの。
スポーツ,1157,海水浴場,海水浴場
スポーツ,1159,河川・湖沼等の遊泳場,県・市区町村・団体等が遊泳場として指定しているもの。 
スポーツ,1160,スカイスポーツ施設,パラグライダー、ハンググライダー等のスカイスポーツを行う場所として指定しているもの。 
スポーツ,1161,カーリング場,カーリング場
スポーツ,1199,その他スポーツ施設,
国の機関等,1201,官公署,官公署
国の機関等,1202,合同庁舎,合同庁舎
国の機関等,1203,検察庁,検察庁
国の機関等,1204,裁判所,裁判所
国の機関等,1205,法務局,法務局
国の機関等,1206,法テラス,法テラス
国の機関等,1207,公証役場,公証役場
国の機関等,1208,出入国管理局,出入国管理局
国の機関等,1209,税関,税関
国の機関等,1210,税務署,税務署
国の機関等,1211,警察署,警視庁、道府県警察本部及び警察法による警察署
国の機関等,1212,交番,警察法による交番その他の派出所及び駐在所。
国の機関等,1213,運転免許試験場,運転免許試験場
国の機関等,1214,消防署,消防組織法による消防署をいう。
国の機関等,1215,消防署分署,支署、出張所及び分遣所。
国の機関等,1216,郵便局,普通郵便局、特定郵便局及び簡易郵便局。分室及び常設の出張所。
国の機関等,1217,森林管理署,森林管理署
国の機関等,1218,気象台,気象台
国の機関等,1219,職業安定所,職業安定所
国の機関等,1220,労働基準監督署,労働基準監督署
国の機関等,1221,社会保険事務所,社会保険事務所
国の機関等,1222,矯正施設,刑務所、少年院　等。
国の機関等,1223,自衛隊・米軍,自衛隊・米軍
国の機関等,1224,外国公館,外国が日本に設置している大使館、公使館及び領事館。 
国の機関等,1299,その他国の機関,
地方行政,1301,県庁,県庁
地方行政,1302,市役所・東京都の区役所,市役所及び東京都の区役所
地方行政,1303,町村役場・政令指定都市の区役所,町村役場及び政令指定都市の区役所
地方行政,1304,役場支所及び出張所,市・特別区・町・村・指定都市の区の役場支所及び出張所
地方行政,1305,市民活動施設,市民活動施設
地方行政,1306,産業支援施設,産業支援施設
地方行政,1307,公民館,公民館
地方行政,1308,公会堂,公会堂
地方行政,1309,集会施設,集会施設
地方行政,1399,その他行政サービス施設,
福祉,1401,授乳室,授乳室
福祉,1402,保育園,保育園、保育所、託児所。日日保護者の委託を受けて、乳児又は幼児を保育する福祉事業を行う施設。
福祉,1403,児童館（児童センター）,児童館（児童センター）
福祉,1404,学童保育クラブ,学童保育クラブ
福祉,1405,認定こども園,認定こども園
福祉,1406,児童相談所,児童相談所
福祉,1407,福祉事務所,都道府県、市町村及び特別区が設置する福祉に関する事務所。
福祉,1408,老人ホーム,特別養護老人ホーム、介護老人福祉施設、有料老人ホーム　等
福祉,1409,老人通所・短期入所介護施設,老人デイサービスセンター、老人短期入所施設、小規模多機能型居宅介護事業所　等。要介護者等を通所又は短期入所させ、介護等の日常生活上の世話や機能訓練を行う事業所。
福祉,1499,その他の社会福祉施設,
教育,1501,幼稚園,幼稚園・保育園
教育,1502,学校,学校の総称
教育,1503,小学校,小学校
教育,1504,中学校,中学校
教育,1505,高等学校・中等教育学校,高等学校・中等教育学校
教育,1506,大学・大学院,大学・大学院
教育,1507,短期大学,短期大学
教育,1508,高等専門学校,高等専門学校
教育,1509,特殊学校,特殊学校
教育,1510,専修学校・各種学校,専修学校・各種学校
教育,1511,文教施設,文教施設
教育,1512,図書館,図書、記録その他必要な資料を収集し、整理し、保存して、一般公衆又は特定人の利用に供する施設。
教育,1513,研究施設,研究施設
教育,1514,職業・教育支援施設,大学校、研修センター　等。官公庁、企業若しくは事業所が業務遂行のため所属職員等を対象として教育・研修を行う事業所又は官公庁、企業若しくは事業所からの委託を受けて業務遂行のため所属職員等の教育・研修を行う施設。
教育,1515,音楽学校,ピアノ、バイオリン、声楽等、主として音楽に関する技能・技術を教授する施設。
教育,1516,自動車教習所,自動車教習所
教育,1517,外国語学校,外国語会話を教授する施設
教育,1518,学習塾・予備校,小学生、中学生、高校生などを対象として学校教育の補習教育又は学習指導を行う施設。
教育,1519,教養・技能教授業,書道、生花・茶道、そろばん、スポーツ・健康、その他の教養・技能
教育,1599,その他の教育文化施設,
医療・健康,1601,病院,医療法に基づく病院。
医療・健康,1602,診療所,医療法に基づく診療所。
医療・健康,1603,歯科診療所,歯科診療所
医療・健康,1604,助産所,助産師がその業務（病院又は診療所において行うものを除く）を行う施設
医療・健康,1605,鍼灸施設,あん摩マッサージ指圧師・はり師、きゅう師、柔道整復師の施術所
医療・健康,1606,保健所,地域保健法による保健所。支所、出張所等は含まない。 
医療・健康,1607,献血所,献血所
医療・健康,1608,救護所,救護所
医療・健康,1609,動物病院,獣医、動物病院
医療・健康,1610,ドラッグストア,医薬品、化粧品を中心とした健康及び美容に関する各種の商品を中心として、家庭用品、加工食品などの最寄り品をセルフサービス方式によって小売する施設。
医療・健康,1611,医薬品小売店,一般用医薬品及び医療用品を小売する施設。
医療・健康,1612,調剤薬局,医師の処方せんに基づき医療用医薬品を調剤し、販売又は授与する施設。
医療・健康,1613,その他の医療施設,
エネルギー,1901,発電所,発電所
エネルギー,1902,水力発電所,水力発電所
エネルギー,1903,火力発電所,火力発電所
エネルギー,1904,地熱発電所,地熱発電所
エネルギー,1905,原子力発電所,原子力発電所
エネルギー,1906,風力発電所,風力発電所
エネルギー,1907,太陽光発電所,太陽光発電所
エネルギー,1908,バイオマス発電所,バイオマス発電所
エネルギー,1909,複合型発電所,複合型発電所
エネルギー,1910,変電所,変電所
エネルギー,1911,送電線,送電線
エネルギー,1999,その他エネルギー施設,
生活インフラ,2001,上水道関連施設,上水道関連施設
生活インフラ,2002,井戸,井戸
生活インフラ,2003,下水道関連施設,下水道関連施設
生活インフラ,2004,廃棄物処理施設,廃棄物処理施設
生活インフラ,2005,資源回収所,資源回収所
生活インフラ,2006,ごみ焼却場,ごみ焼却場
生活インフラ,2008,その他処理施設,
生活インフラ,2009,火葬場,火葬場
生活インフラ,2010,墓地,墓地
生活インフラ,2099,その他生活インフラ,
生活支援設備,2101,トイレ,トイレ
生活支援設備,2102,公衆電話,公衆電話
生活支援設備,2103,郵便ポスト,郵便ポスト
生活支援設備,2104,コインロッカー,コインロッカー
生活支援設備,2105,宅配ロッカー,宅配ロッカー
生活支援設備,2106,自動販売機,店舗を持たず、自動販売機により衣料品、飲食料品、がん具などを小売する事業所。
生活支援設備,2107,ゴミ箱,ゴミ箱
生活支援設備,2108,消火器,消火器
生活支援設備,2109,消火栓,消火栓
生活支援設備,2110,ＡＥＤ,ＡＥＤ
生活支援設備,2199,その他生活支援設備,
防災,2201,避難施設,避難施設
防災,2202,避難場所,避難場所
防災,2203,津波避難施設,津波避難施設
防災,2204,防災倉庫,防災倉庫
防災,2205,給水所,給水所
防災,2206,防波堤,防波堤
防災,2207,防潮堤,防潮堤
防災,2208,防火水槽,防火水槽
防災,2209,河岸堤防,河岸堤防
防災,2210,防水施設,防水施設
防災,2211,地すべり防止施設,地すべり防止施設
防災,2212,砂防施設,砂防施設
防災,2299,その他防災施設,
宿泊,2301,ホテル,ホテル
宿泊,2302,ビジネスホテル,ビジネスホテル
宿泊,2303,リゾートホテル,リゾートホテル
宿泊,2304,旅館,旅館
宿泊,2305,民宿,民宿
宿泊,2306,ユースホステル,ユースホステル
宿泊,2307,ゲストハウス,ゲストハウス
宿泊,2308,カプセルホテル,カプセルホテル
宿泊,2309,ロッジ,ロッジ
宿泊,2310,バンガロー,バンガロー
宿泊,2311,公共宿泊施設,公共宿泊施設
宿泊,2312,ペンション,ペンション
宿泊,2313,宿坊,宿坊
宿泊,2314,コテージ・貸別荘,コテージ・貸別荘・山荘
宿泊,2315,研修センター,研修センター
宿泊,2316,保養所,保養所
宿泊,2317,ペットホテル,ペットホテル
宿泊,2399,その他宿泊施設,その他宿泊施設
飲食,2401,レストラン,レストラン
飲食,2402,和食,和食
飲食,2403,イタリアン料理,イタリアン料理
飲食,2404,フランス料理,フランス料理
飲食,2405,中華料理,中華料理
飲食,2406,居酒屋,居酒屋
飲食,2407,ビアガーデン,ビアガーデン
飲食,2408,バー,バー、スナックバー、キャバレー、ナイトクラブ　等
飲食,2409,ラーメン,ラーメン
飲食,2410,寿司,寿司
飲食,2411,そば,そば
飲食,2412,うどん,うどん
飲食,2413,ファーストフード,ファーストフード
飲食,2414,焼肉,焼肉
飲食,2415,とんかつ,とんかつ
飲食,2416,お好み焼き,お好み焼き
飲食,2417,牛丼,牛丼
飲食,2418,すき焼き,すき焼き
飲食,2419,しゃぶしゃぶ,しゃぶしゃぶ
飲食,2420,焼き鳥,焼き鳥
飲食,2421,カレー,カレー
飲食,2422,喫茶店、カフェ,喫茶店、カフェ
飲食,2423,アイスクリーム店,アイスクリーム店
飲食,2424,インターネットカフェ,インターネットカフェ
飲食,2499,その他飲食施設,
商業施設（金融）,2501,銀行,信用金庫や協同組合等含む。
商業施設（金融）,2502,両替所,両替所
商業施設（金融）,2503,ATM,ATM
商業施設（金融）,2504,消費者金融,消費者金融
商業施設（金融）,2505,証券,証券
商業施設（金融）,2506,質屋,質屋
商業施設（金融）,2507,保険,保険
商業施設（金融）,2508,協同組合,協同組合
商業施設（金融）,2599,その他金融関連施設,
商業施設（買物総合）,2601,百貨店,百貨店
商業施設（買物総合）,2602,雑貨店,雑貨店
商業施設（買物総合）,2603,商業施設,複合商業施設、郊外ショッピングセンター　等。
商業施設（買物総合）,2604,ショッピングモール,ショッピングモール
商業施設（買物総合）,2605,アウトレットモール,アウトレットモール
商業施設（買物総合）,2606,スーパーマーケット,スーパーマーケット
商業施設（買物総合）,2607,商店街,商店街
商業施設（買物総合）,2608,日用品店,日用品店
商業施設（買物総合）,2609,100円ショップ,100円ショップ
商業施設（買物総合）,2610,リサイクルショップ,リサイクルショップ、古着屋
商業施設（買物総合）,2611,ギフトショップ,ギフトショップ
商業施設（買物総合）,2612,レンタルショップ,各種製品のレンタル。自動車、CD等の専門店以外。
商業施設（買物総合）,2613,土産物店,土産物店
商業施設（買物総合）,2614,直売所,農協、漁協、ファーマーズ・フィッシャーマンズワーフ等。
商業施設（買物総合）,2615,青空市場・蚤の市,青空市場・のみの市
商業施設（買物総合）,2699,その他総合買い物施設,
商業施設（食物）,2701,食料品店,食料品店
商業施設（食物）,2702,八百屋,八百屋
商業施設（食物）,2703,精肉店,精肉店
商業施設（食物）,2704,鮮魚店,鮮魚店
商業施設（食物）,2705,つけもの店,漬物屋
商業施設（食物）,2706,お菓子屋,お菓子屋
商業施設（食物）,2707,洋菓子屋,洋菓子屋
商業施設（食物）,2708,和菓子屋,和菓子屋
商業施設（食物）,2709,パン屋,パン屋
商業施設（食物）,2710,コンビニエンスストア,コンビニエンスストア
商業施設（食物）,2711,酒屋,酒屋
商業施設（食物）,2712,茶葉販売店,茶葉及び茶器類の販売
商業施設（食物）,2713,コーヒー店,コーヒー屋
商業施設（食物）,2714,米屋,米屋
商業施設（食物）,2715,豆腐屋,豆腐屋
商業施設（食物）,2716,かまぼこ等加工食品小売店,かまぼこ等加工食品小売店
商業施設（食物）,2717,乾物屋,乾物屋
商業施設（食物）,2718,チーズ店,チーズ店
商業施設（食物）,2719,チョコレート店,チョコレート店
商業施設（食物）,2720,乳製品店,乳製品店
商業施設（食物）,2721,総菜販売店,総菜販売店
商業施設（食物）,2722,仕出し屋,仕出し屋
商業施設（食物）,2723,酒蔵,酒蔵
商業施設（食物）,2724,ビール醸造所,ビール醸造所
商業施設（食物）,2725,ワイナリー,ワイナリー
商業施設（食物）,2726,蒸留所,蒸留所
商業施設（食物）,2727,タバコ屋,タバコ屋
商業施設（食物）,2728,野菜等無人販売所,野菜等無人販売所
商業施設（食物）,2799,その他食料品販売店,
商業施設（服飾）,2801,紳士衣料店,紳士衣料店
商業施設（服飾）,2802,婦人衣料店,婦人衣料店
商業施設（服飾）,2803,子供服店,子供服店
商業施設（服飾）,2804,仕立屋,仕立屋
商業施設（服飾）,2805,着物屋,和装店を含む
商業施設（服飾）,2806,革製品店,革製品店
商業施設（服飾）,2807,かばん屋,かばん屋
商業施設（服飾）,2808,靴屋,靴屋
商業施設（服飾）,2809,下着屋,下着屋
商業施設（服飾）,2810,洋品雑貨屋,洋品雑貨屋
商業施設（服飾）,2811,生地屋,生地屋
商業施設（服飾）,2812,裁縫用品店,裁縫用品店
商業施設（服飾）,2813,衣類等リフィーム店,衣類等リフィーム店
商業施設（服飾）,2814,貸衣装店,レンタルウェア、貸衣装
商業施設（服飾）,2815,時計屋,時計屋
商業施設（服飾）,2816,帽子店,帽子屋
商業施設（服飾）,2817,眼鏡屋,眼鏡屋
商業施設（服飾）,2818,宝飾店,宝飾店、金・貴金属店
商業施設（服飾）,2819,クリーニング店,クリーニング店
商業施設（服飾）,2820,コインランドリー,コインランドリー
商業施設（服飾）,2899,その他服飾関連店,
商業施設（建築）,2901,建設業,建設業
商業施設（建築）,2902,工務店,工務店
商業施設（建築）,2903,建築設計事務所,建築設計事務所
商業施設（建築）,2904,造園店,造園店
商業施設（建築）,2905,電気工事店,電気工事店
商業施設（建築）,2906,ガラス屋,ガラス屋
商業施設（建築）,2907,アルミサッシ店,アルミサッシ店
商業施設（建築）,2908,カギ屋,カギ屋
商業施設（建築）,2909,塗装屋,塗装屋
商業施設（建築）,2910,塗料店,塗料店
商業施設（建築）,2911,左官屋,左官屋
商業施設（建築）,2912,配管設備店,配管設備店
商業施設（建築）,2913,照明設備店,照明設備店
商業施設（建築）,2914,空調設備店,空調設備店
商業施設（建築）,2915,不動産屋,不動産屋
商業施設（建築）,2999,その他建築関連店,
商業施設（家財、内装）,3001,家具屋,家具屋
商業施設（家財、内装）,3002,建具屋,建具屋
商業施設（家財、内装）,3003,畳屋,畳屋
商業施設（家財、内装）,3004,寝具店,寝具店
商業施設（家財、内装）,3005,カーテン店,カーテン店
商業施設（家財、内装）,3006,絨毯屋,絨毯屋
商業施設（家財、内装）,3099,その他家財、内装店,
商業施設（生活）,3101,赤ちゃん用品店,赤ちゃん用品店
商業施設（生活）,3102,床屋,床屋
商業施設（生活）,3103,美容院,美容院
商業施設（生活）,3104,ビューティーサロン,ビューティーサロン
商業施設（生活）,3105,マッサージ、整体店,マッサージ、整体店
商業施設（生活）,3106,ネイルサービス,ネイルサービス
商業施設（生活）,3107,化粧品店,化粧品店
商業施設（生活）,3108,香水店,香水店
商業施設（生活）,3109,花屋,花屋
商業施設（生活）,3110,金物屋,金物屋
商業施設（生活）,3111,陶磁器・ガラス器店,陶磁器・ガラス器店
商業施設（生活）,3112,キッチン用品店,キッチン用品店
商業施設（生活）,3113,風呂用品店,風呂用品店
商業施設（生活）,3114,防犯・安全用品店,防犯・安全用品店
商業施設（生活）,3115,電器店,電器店
商業施設（生活）,3116,パソコン店,パソコン店
商業施設（生活）,3117,携帯電話店,携帯電話店
商業施設（生活）,3118,ホームセンター,ホームセンター
商業施設（生活）,3119,刃物店,ナイフ、包丁等を小売りする
商業施設（生活）,3120,旅行代理店,旅行代理店
商業施設（生活）,3121,チケットオフィス,チケットオフィス
商業施設（生活）,3122,宝くじ屋,宝くじ屋
商業施設（生活）,3123,新聞販売店,新聞販売店
商業施設（生活）,3124,文房具店,文房具店
商業施設（生活）,3125,引越屋,引越屋
商業施設（生活）,3199,その他生活関連店,
商業施設（エネルギー）,3201,燃料販売店,主として灯油、プロパンガス、石炭、まきなどの燃料を小売する事業所
商業施設（エネルギー）,3202,ガソリンスタンド,ガソリンスタンド
商業施設（エネルギー）,3203,電気自動車の充電施設,電気自動車の充電施設
商業施設（エネルギー）,3204,水素充填ステーション,水素充填ステーション
商業施設（エネルギー）,3299,その他エネルギー販売店,
商業施設（移動）,3301,自動車販売店,中古含む
商業施設（移動）,3302,自動車修理屋,自動車修理屋
商業施設（移動）,3303,自動車用品店,自動車用品店
商業施設（移動）,3304,洗車場,洗車場
商業施設（移動）,3305,バイク店,中古含む
商業施設（移動）,3306,自転車屋,自転車屋
商業施設（移動）,3399,その他移動関連店,
商業施設（趣味）,3401,アウトドア用品店,アウトドア用品店
商業施設（趣味）,3402,釣具店,釣具店
商業施設（趣味）,3403,船具店,船舶・ヨット・ボート用品、漁網、漁具などを小売
商業施設（趣味）,3404,狩猟用品店,狩猟用品店
商業施設（趣味）,3405,ダイビングショップ,ダイビングショップ
商業施設（趣味）,3406,スキー用品店,スキー用品店
商業施設（趣味）,3407,スポーツ用品店,スポーツ用品店
商業施設（趣味）,3408,カメラ屋,カメラ屋・写真館
商業施設（趣味）,3409,アンティークショップ,アンティークショップ
商業施設（趣味）,3410,美術品店,画廊等
商業施設（趣味）,3411,コレクターショップ,切手、コイン等
商業施設（趣味）,3412,工芸店,工芸店、工房。伝統工芸、伝統産業を含む。
商業施設（趣味）,3413,窯元,窯元
商業施設（趣味）,3414,ゲームセンター,主としてスロットマシン、テレビゲーム機などの遊戯を行うための施設を提供する事業所
商業施設（趣味）,3415,模型店,模型店
商業施設（趣味）,3416,CD店,CD店
商業施設（趣味）,3417,ビデオ店,レンタル店含む
商業施設（趣味）,3418,アニメ専門店,アニメ専門店
商業施設（趣味）,3419,本屋,古本を含む
商業施設（趣味）,3420,楽器屋,楽器屋
商業施設（趣味）,3421,ピアノ屋,ピアノ屋
商業施設（趣味）,3422,おもちゃ屋,おもちゃ屋
商業施設（趣味）,3423,ホビーショップ,ホビーショップ
商業施設（趣味）,3424,ペットショップ,ペットショップ
商業施設（趣味）,3425,ドッグラン,ドッグラン
商業施設（趣味）,3499,その他趣味関連店,
商業施設（人生）,3501,結婚式場,結婚式場
商業施設（人生）,3502,葬儀屋,葬儀屋
商業施設（人生）,3503,宗教関連用品店,宗教関連用品店
商業施設（人生）,3599,その他人生関連店,
商業施設（その他）,3601,事務機器店,事務機器店
商業施設（その他）,3602,微章店,微章店
商業施設（その他）,3603,印章店,印章店
商業施設（その他）,3604,印刷屋,印刷屋
商業施設（その他）,3605,電子機器店,電子機器店
商業施設（その他）,3606,鉄工所,鉄工所
商業施設（その他）,3607,金属加工所,金属加工所
商業施設（その他）,3608,製材所、材木屋,製材所、材木屋
商業施設（その他）,3609,石材加工店,石材加工店
商業施設（その他）,3610,テント屋,テント屋。帆布製品など。
商業施設（その他）,3611,養蜂場,養蜂場
商業施設（その他）,3612,農機具店,農機具店
商業施設（その他）,3613,農耕用品店,農耕用品店
商業施設（その他）,3614,製本所,製本所
商業施設（その他）,3615,花火屋,花火屋
商業施設（その他）,3616,材料置場,材料置場
商業施設（その他）,3617,火薬庫,火薬庫
商業施設（その他）,3618,危険物保管所,危険物保管所
商業施設（その他）,3619,と畜場,食用に供する目的で獣畜（牛、馬、豚、めん羊及び山羊をいう）をと殺し又は解体するために設けられた事業所
商業施設（その他）,3620,テレビ局,テレビ局
商業施設（その他）,3621,ラジオ局,ラジオ局
商業施設（その他）,3699,その他産業施設,
陸上交通,3701,道路,道路
陸上交通,3702,トンネル,トンネル
陸上交通,3703,橋,橋
陸上交通,3704,インターチェンジ,インターチェンジ
陸上交通,3705,スマートインターチェンジ,スマートインターチェンジ
陸上交通,3706,ジャンクション,ジャンクション
陸上交通,3707,サービスエリア,サービスエリア
陸上交通,3708,パーキングエリア,パーキングエリア
陸上交通,3709,料金所,料金所
陸上交通,3710,道の駅,道の駅
陸上交通,3711,並木,並木
陸上交通,3712,横断歩道橋,横断歩道橋
陸上交通,3713,横断歩道,横断歩道
陸上交通,3714,信号,信号
陸上交通,3715,歩道,歩道
陸上交通,3716,石段,石段
陸上交通,3717,坂,坂
陸上交通,3718,地下街・地下鉄等出入口,地下街・地下鉄等出入口
陸上交通,3719,駅,鉄道の駅
陸上交通,3720,ロープウェイ駅,ロープウェイの駅
陸上交通,3721,ケーブルカー駅,ケーブルカーの駅
陸上交通,3722,ゴンドラリフト駅,ゴンドラリフト乗り場
陸上交通,3723,チェアリフト駅,チェアリフト乗り場
陸上交通,3724,路面電車駅,路面電車、ライトレールの駅
陸上交通,3725,踏切,踏切
陸上交通,3726,バスターミナル,バスターミナル
陸上交通,3727,バス停,バス停
陸上交通,3728,タクシー乗り場,タクシー乗り場
陸上交通,3729,レンタカー,レンタカー店
陸上交通,3730,カーシェアリング地点,カーシェアリングの位置
陸上交通,3731,駐車場,駐車場
陸上交通,3732,駐輪場,駐輪場
陸上交通,3733,レンタサイクル,レンタサイクル
陸上交通,3734,オートバイ駐輪場,オートバイの駐輪場
陸上交通,3799,その他陸上交通施設,
航空交通,3801,空港,空港
航空交通,3802,ヘリポート,ヘリポート
航空交通,3899,その他航空施設,
海上交通,3901,港湾,港湾
海上交通,3902,フェリー乗り場,フェリー乗り場
海上交通,3903,埠頭,埠頭
海上交通,3904,桟橋,桟橋
海上交通,3905,漁港,漁港
海上交通,3906,灯台,灯台
海上交通,3907,灯標,灯標
海上交通,3908,水位観測所,水位観測所
海上交通,3909,渡船発着所,渡船発着所
海上交通,3910,観光船発着所,観光船発着所
海上交通,3999,その他海上交通施設,
物流,4001,物流拠点,物流拠点
物流,4002,コンテナターミナル,コンテナターミナル
物流,4003,航空貨物ターミナル,航空貨物ターミナル
物流,4004,鉄道貨物駅,鉄道貨物駅
物流,4005,保税地域,保税地域
物流,4006,トラックターミナル,トラックターミナル
物流,4007,卸売市場,卸売市場
物流,4099,その他物流施設,
